id,categories
0,5
1,5
2,8
3,7
4,10
5,11
6,2
7,8
8,6
9,11
10,2
11,0
12,0
13,7
14,7
15,7
16,0
17,3
18,8
19,8
20,11
21,4
22,7
23,5
24,10
25,8
26,6
27,8
28,2
29,9
30,11
31,11
32,5
33,3
34,11
35,6
36,5
37,7
38,1
39,0
40,4
41,0
42,8
43,3
44,1
45,7
46,7
47,3
48,0
49,11
50,3
51,9
52,2
53,9
54,10
55,4
56,8
57,0
58,10
59,7
60,7
61,1
62,3
63,0
64,10
65,9
66,2
67,8
68,0
69,1
70,10
71,9
72,9
73,6
74,0
75,9
76,11
77,4
78,8
79,8
80,4
81,0
82,2
83,9
84,2
85,1
86,10
87,10
88,2
89,9
90,3
91,9
92,1
93,1
94,5
95,3
96,1
97,1
98,6
99,9
100,4
101,6
102,1
103,0
104,6
105,4
106,2
107,11
108,0
109,4
110,2
111,0
112,5
113,5
114,9
115,1
116,7
117,4
118,7
119,3
120,0
121,4
122,4
123,4
124,5
125,8
126,5
127,1
128,9
129,2
130,1
131,1
132,7
133,2
134,0
135,0
136,10
137,8
138,8
139,2
140,10
141,2
142,5
143,6
144,9
145,3
146,0
147,1
148,3
149,5
150,6
151,8
152,5
153,8
154,3
155,5
156,8
157,6
158,5
159,7
160,3
161,1
162,8
163,7
164,11
165,1
166,10
167,10
168,11
169,1
170,3
171,11
172,1
173,4
174,1
175,8
176,4
177,11
178,0
179,11
180,11
181,6
182,6
183,0
184,10
185,5
186,0
187,11
188,4
189,2
190,3
191,11
192,7
193,0
194,4
195,5
196,5
197,0
198,11
199,7
200,5
201,9
202,6
203,11
204,0
205,3
206,3
207,7
208,4
209,3
210,9
211,11
212,9
213,2
214,0
215,2
216,2
217,11
218,7
219,1
220,5
221,6
222,10
223,5
224,9
225,2
226,10
227,1
228,9
229,4
230,11
231,10
232,9
233,11
234,7
235,11
236,9
237,9
238,2
239,0
240,7
241,7
242,8
243,9
244,0
245,0
246,5
247,6
248,10
249,0
250,4
251,1
252,2
253,6
254,10
255,10
256,9
257,6
258,5
259,11
260,4
261,2
262,1
263,2
264,5
265,7
266,1
267,3
268,8
269,8
270,1
271,3
272,5
273,11
274,0
275,6
276,4
277,4
278,4
279,8
280,6
281,0
282,9
283,5
284,10
285,11
286,11
287,3
288,9
289,3
290,7
291,0
292,4
293,3
294,6
295,8
296,10
297,1
298,5
299,8
300,11
301,4
302,5
303,10
304,10
305,3
306,8
307,8
308,9
309,1
310,6
311,11
312,9
313,1
314,5
315,8
316,5
317,8
318,9
319,4
320,4
321,8
322,2
323,3
324,1
325,10
326,3
327,5
328,3
329,9
330,8
331,7
332,5
333,6
334,6
335,6
336,6
337,8
338,7
339,8
340,7
341,11
342,8
343,10
344,11
345,2
346,9
347,7
348,8
349,6
350,6
351,10
352,6
353,10
354,0
355,6
356,9
357,3
358,6
359,1
360,6
361,3
362,2
363,7
364,11
365,6
366,4
367,4
368,11
369,4
370,5
371,0
372,9
373,3
374,4
375,4
376,9
377,4
378,1
379,8
380,10
381,11
382,11
383,3
384,0
385,10
386,4
387,4
388,1
389,9
390,5
391,5
392,11
393,1
394,4
395,1
396,10
397,1
398,3
399,6
400,8
401,7
402,9
403,2
404,7
405,10
406,6
407,2
408,7
409,7
410,0
411,10
412,9
413,9
414,2
415,0
416,3
417,3
418,4
419,6
420,6
421,9
422,6
423,8
424,4
425,1
426,9
427,0
428,1
429,5
430,5
431,11
432,10
433,8
434,11
435,6
436,2
437,4
438,11
439,2
440,10
441,0
442,7
443,7
444,4
445,9
446,9
447,9
448,4
449,8
450,5
451,9
452,6
453,7
454,2
455,4
456,0
457,1
458,11
459,4
460,5
461,7
462,3
463,8
464,2
465,6
466,0
467,10
468,10
469,9
470,5
471,4
472,6
473,4
474,7
475,3
476,3
477,3
478,4
479,9
480,2
481,4
482,11
483,6
484,9
485,2
486,5
487,2
488,11
489,5
490,8
491,11
492,6
493,11
494,11
495,3
496,9
497,1
498,6
499,0
500,10
501,3
502,1
503,7
504,10
505,3
506,8
507,10
508,8
509,6
510,3
511,2
512,9
513,6
514,4
515,11
516,0
517,6
518,9
519,4
520,9
521,4
522,6
523,10
524,8
525,7
526,8
527,10
528,2
529,5
530,9
531,9
532,8
533,1
534,4
535,8
536,5
537,11
538,9
539,6
540,7
541,4
542,0
543,5
544,2
545,4
546,8
547,10
548,6
549,9
550,9
551,7
552,5
553,0
554,8
555,0
556,7
557,10
558,7
559,7
560,8
561,8
562,10
563,9
564,6
565,8
566,2
567,2
568,9
569,2
570,10
571,2
572,1
573,9
574,6
575,3
576,4
577,2
578,5
579,10
580,6
581,11
582,6
583,8
584,5
585,3
586,10
587,10
588,9
589,7
590,8
591,5
592,6
593,8
594,0
595,7
596,10
597,3
598,4
599,11
600,11
601,6
602,10
603,0
604,2
605,0
606,4
607,10
608,2
609,3
610,9
611,2
612,9
613,6
614,9
615,2
616,6
617,4
618,11
619,1
620,7
621,0
622,1
623,10
624,4
625,2
626,8
627,10
628,3
629,7
630,0
631,9
632,8
633,6
634,10
635,7
636,10
637,9
638,0
639,4
640,6
641,0
642,7
643,3
644,4
645,5
646,7
647,6
648,2
649,7
650,6
651,4
652,1
653,0
654,11
655,7
656,0
657,10
658,1
659,1
660,1
661,1
662,5
663,9
664,5
665,10
666,10
667,9
668,7
669,9
670,9
671,5
672,1
673,7
674,3
675,5
676,7
677,4
678,1
679,6
680,11
681,5
682,7
683,10
684,5
685,10
686,7
687,6
688,2
689,10
690,5
691,9
692,7
693,0
694,1
695,3
696,9
697,0
698,1
699,2
700,8
701,0
702,11
703,9
704,1
705,2
706,6
707,1
708,2
709,1
710,3
711,6
712,7
713,1
714,8
715,2
716,11
717,6
718,9
719,4
720,9
721,10
722,4
723,9
724,1
725,8
726,10
727,0
728,7
729,6
730,3
731,6
732,4
733,0
734,2
735,11
736,6
737,6
738,4
739,1
740,10
741,5
742,11
743,2
744,2
745,3
746,0
747,0
748,6
749,10
750,8
751,11
752,0
753,9
754,3
755,10
756,0
757,9
758,6
759,8
760,10
761,9
762,0
763,5
764,8
765,7
766,5
767,8
768,3
769,5
770,1
771,8
772,3
773,9
774,6
775,1
776,5
777,8
778,6
779,10
780,7
781,3
782,4
783,7
784,11
785,5
786,8
787,3
788,3
789,9
790,10
791,10
792,3
793,11
794,5
795,4
796,10
797,3
798,8
799,7
800,5
801,10
802,7
803,5
804,3
805,5
806,6
807,4
808,3
809,0
810,0
811,4
812,4
813,10
814,0
815,2
816,5
817,9
818,2
819,3
820,3
821,11
822,3
823,10
824,8
825,5
826,3
827,5
828,8
829,0
830,2
831,9
832,11
833,8
834,4
835,8
836,1
837,3
838,8
839,11
840,7
841,6
842,3
843,0
844,6
845,3
846,0
847,4
848,9
849,8
850,1
851,5
852,11
853,4
854,4
855,4
856,6
857,4
858,2
859,5
860,8
861,5
862,3
863,1
864,8
865,8
866,10
867,7
868,0
869,6
870,8
871,10
872,7
873,0
874,7
875,1
876,0
877,10
878,8
879,0
880,9
881,8
882,1
883,4
884,11
885,9
886,0
887,3
888,2
889,4
890,3
891,10
892,3
893,11
894,0
895,4
896,1
897,11
898,10
899,10
900,1
901,8
902,3
903,10
904,3
905,10
906,6
907,9
908,5
909,7
910,9
911,2
912,3
913,5
914,8
915,2
916,3
917,0
918,2
919,4
920,6
921,7
922,4
923,6
924,0
925,5
926,8
927,4
928,11
929,9
930,1
931,11
932,3
933,2
934,1
935,2
936,8
937,4
938,5
939,0
940,8
941,11
942,7
943,0
944,6
945,7
946,2
947,0
948,6
949,5
950,0
951,4
952,3
953,9
954,7
955,0
956,8
957,0
958,8
959,7
960,7
961,5
962,11
963,8
964,11
965,3
966,9
967,2
968,5
969,6
970,2
971,7
972,11
973,8
974,3
975,3
976,8
977,5
978,10
979,1
980,3
981,0
982,9
983,1
984,9
985,6
986,0
987,3
988,10
989,4
990,4
991,0
992,6
993,3
994,1
995,1
996,2
997,3
998,2
999,7
1000,6
1001,0
1002,3
1003,1
1004,1
1005,6
1006,5
1007,1
1008,2
1009,3
1010,5
1011,1
1012,3
1013,1
1014,4
1015,6
1016,0
1017,0
1018,10
1019,9
1020,7
1021,10
1022,9
1023,9
1024,5
1025,0
1026,2
1027,2
1028,8
1029,3
1030,1
1031,5
1032,11
1033,9
1034,3
1035,11
1036,4
1037,2
1038,5
1039,11
1040,8
1041,9
1042,1
1043,3
1044,8
1045,7
1046,1
1047,9
1048,11
1049,5
1050,2
1051,9
1052,8
1053,7
1054,7
1055,7
1056,4
1057,1
1058,6
1059,5
1060,4
1061,11
1062,6
1063,4
1064,7
1065,0
1066,8
1067,8
1068,1
1069,1
1070,5
1071,11
1072,0
1073,1
1074,1
1075,7
1076,1
1077,2
1078,4
1079,4
1080,10
1081,4
1082,2
1083,6
1084,4
1085,4
1086,6
1087,0
1088,8
1089,5
1090,8
1091,1
1092,10
1093,4
1094,1
1095,8
1096,11
1097,11
1098,6
1099,11
1100,9
1101,6
1102,6
1103,3
1104,0
1105,3
1106,8
1107,11
1108,4
1109,0
1110,7
1111,7
1112,9
1113,3
1114,10
1115,1
1116,5
1117,0
1118,4
1119,2
1120,2
1121,2
1122,8
1123,5
1124,11
1125,3
1126,11
1127,3
1128,3
1129,0
1130,0
1131,6
1132,0
1133,6
1134,9
1135,10
1136,9
1137,9
1138,6
1139,4
1140,5
1141,1
1142,2
1143,3
1144,4
1145,5
1146,9
1147,2
1148,0
1149,6
1150,9
1151,6
1152,4
1153,9
1154,4
1155,4
1156,8
1157,3
1158,0
1159,9
1160,7
1161,11
1162,9
1163,0
1164,4
1165,9
1166,8
1167,4
1168,1
1169,0
1170,11
1171,10
1172,9
1173,4
1174,11
1175,11
1176,8
1177,1
1178,7
1179,10
1180,9
1181,5
1182,9
1183,6
1184,7
1185,5
1186,0
1187,0
1188,11
1189,9
1190,10
1191,5
1192,2
1193,2
1194,8
1195,11
1196,8
1197,9
1198,5
1199,9
1200,5
1201,4
1202,10
1203,0
1204,10
1205,10
1206,8
1207,9
1208,2
1209,6
1210,7
1211,1
1212,11
1213,6
1214,11
1215,4
1216,3
1217,0
1218,3
1219,4
1220,11
1221,6
1222,10
1223,3
1224,9
1225,10
1226,6
1227,8
1228,9
1229,4
1230,7
1231,8
1232,2
1233,1
1234,11
1235,4
1236,9
1237,9
1238,2
1239,11
1240,5
1241,4
1242,6
1243,6
1244,3
1245,11
1246,5
1247,6
1248,0
1249,9
1250,11
1251,4
1252,6
1253,3
1254,10
1255,4
1256,5
1257,7
1258,3
1259,11
1260,11
1261,8
1262,2
1263,11
1264,10
1265,5
1266,7
1267,9
1268,7
1269,3
1270,2
1271,0
1272,11
1273,5
1274,9
1275,3
1276,5
1277,9
1278,10
1279,9
1280,5
1281,6
1282,4
1283,4
1284,0
1285,10
1286,2
1287,3
1288,1
1289,3
1290,0
1291,7
1292,0
1293,11
1294,9
1295,7
1296,5
1297,2
1298,0
1299,10
1300,2
1301,9
1302,5
1303,10
1304,3
1305,11
1306,3
1307,0
1308,3
1309,9
1310,1
1311,8
1312,11
1313,9
1314,3
1315,3
1316,3
1317,0
1318,9
1319,8
1320,4
1321,0
1322,4
1323,7
1324,11
1325,10
1326,0
1327,7
1328,9
1329,11
1330,0
1331,2
1332,2
1333,2
1334,8
1335,11
1336,11
1337,9
1338,10
1339,1
1340,11
1341,1
1342,0
1343,7
1344,6
1345,5
1346,1
1347,3
1348,0
1349,0
1350,5
1351,8
1352,1
1353,8
1354,4
1355,4
1356,0
1357,1
1358,5
1359,8
1360,3
1361,2
1362,8
1363,9
1364,11
1365,4
1366,8
1367,10
1368,9
1369,7
1370,3
1371,11
1372,6
1373,5
1374,11
1375,6
1376,5
1377,8
1378,7
1379,6
1380,4
1381,9
1382,2
1383,3
1384,9
1385,4
1386,1
1387,9
1388,11
1389,3
1390,7
1391,7
1392,7
1393,8
1394,3
1395,3
1396,3
1397,5
1398,5
1399,0
1400,6
1401,6
1402,10
1403,8
1404,2
1405,9
1406,1
1407,0
1408,5
1409,9
1410,6
1411,9
1412,7
1413,2
1414,9
1415,5
1416,4
1417,7
1418,1
1419,2
1420,0
1421,8
1422,11
1423,7
1424,10
1425,7
1426,0
1427,4
1428,11
1429,4
1430,2
1431,2
1432,0
1433,7
1434,2
1435,8
1436,7
1437,5
1438,5
1439,0
1440,2
1441,7
1442,6
1443,2
1444,7
1445,11
1446,11
1447,4
1448,2
1449,0
1450,0
1451,4
1452,1
1453,6
1454,4
1455,6
1456,5
1457,11
1458,11
1459,2
1460,0
1461,0
1462,1
1463,5
1464,9
1465,5
1466,1
1467,6
1468,5
1469,10
1470,0
1471,2
1472,11
1473,9
1474,5
1475,5
1476,1
1477,8
1478,10
1479,2
1480,10
1481,5
1482,3
1483,6
1484,7
1485,7
1486,0
1487,9
1488,5
1489,5
1490,9
1491,5
1492,9
1493,2
1494,8
1495,0
1496,7
1497,2
1498,3
1499,9
1500,9
1501,9
1502,11
1503,2
1504,8
1505,6
1506,10
1507,1
1508,10
1509,10
1510,11
1511,2
1512,5
1513,3
1514,10
1515,0
1516,3
1517,11
1518,0
1519,2
1520,1
1521,2
1522,0
1523,10
1524,0
1525,0
1526,6
1527,10
1528,7
1529,3
1530,2
1531,7
1532,7
1533,5
1534,6
1535,5
1536,1
1537,11
1538,5
1539,7
1540,7
1541,11
1542,8
1543,11
1544,9
1545,11
1546,2
1547,11
1548,4
1549,3
1550,1
1551,2
1552,9
1553,9
1554,4
1555,9
1556,3
1557,11
1558,9
1559,8
1560,5
1561,11
1562,6
1563,4
1564,11
1565,9
1566,6
1567,5
1568,8
1569,4
1570,10
1571,8
1572,7
1573,2
1574,2
1575,6
1576,0
1577,1
1578,2
1579,5
1580,0
1581,8
1582,9
1583,0
1584,3
1585,0
1586,4
1587,11
1588,6
1589,11
1590,0
1591,3
1592,3
1593,2
1594,8
1595,3
1596,2
1597,5
1598,8
1599,1
1600,5
1601,11
1602,6
1603,9
1604,9
1605,10
1606,4
1607,6
1608,0
1609,10
1610,2
1611,6
1612,1
1613,3
1614,8
1615,9
1616,3
1617,1
1618,9
1619,9
1620,4
1621,5
1622,8
1623,1
1624,9
1625,4
1626,10
1627,5
1628,0
1629,11
1630,5
1631,9
1632,3
1633,5
1634,4
1635,0
1636,10
1637,1
1638,6
1639,2
1640,3
1641,5
1642,7
1643,5
1644,6
1645,4
1646,10
1647,0
1648,11
1649,3
1650,0
1651,0
1652,4
1653,7
1654,10
1655,3
1656,1
1657,5
1658,6
1659,10
1660,11
1661,4
1662,2
1663,8
1664,11
1665,8
1666,2
1667,5
1668,3
1669,5
1670,2
1671,3
1672,7
1673,3
1674,8
1675,5
1676,0
1677,8
1678,1
1679,4
1680,4
1681,7
1682,0
1683,8
1684,4
1685,6
1686,8
1687,0
1688,9
1689,4
1690,4
1691,2
1692,1
1693,6
1694,3
1695,5
1696,3
1697,9
1698,3
1699,0
1700,8
1701,0
1702,6
1703,10
1704,1
1705,11
1706,2
1707,11
1708,10
1709,11
1710,9
1711,0
1712,4
1713,1
1714,2
1715,1
1716,3
1717,2
1718,4
1719,4
1720,11
1721,1
1722,6
1723,10
1724,0
1725,10
1726,4
1727,6
1728,11
1729,3
1730,4
1731,10
1732,8
1733,2
1734,11
1735,5
1736,7
1737,5
1738,8
1739,4
1740,9
1741,1
1742,7
1743,6
1744,3
1745,11
1746,0
1747,4
1748,0
1749,7
1750,5
1751,2
1752,5
1753,2
1754,9
1755,11
1756,2
1757,3
1758,6
1759,3
1760,7
1761,2
1762,8
1763,4
1764,9
1765,4
1766,6
1767,10
1768,0
1769,8
1770,1
1771,10
1772,11
1773,7
1774,1
1775,9
1776,10
1777,0
1778,6
1779,6
1780,9
1781,5
1782,10
1783,11
1784,7
1785,7
1786,0
1787,6
1788,6
1789,7
1790,11
1791,5
1792,6
1793,5
1794,1
1795,10
1796,7
1797,7
1798,11
1799,5
1800,4
1801,10
1802,7
1803,0
1804,10
1805,4
1806,2
1807,10
1808,4
1809,6
1810,8
1811,0
1812,0
1813,6
1814,11
1815,7
1816,5
1817,5
1818,6
1819,0
1820,10
1821,5
1822,5
1823,1
1824,2
1825,11
1826,7
1827,3
1828,3
1829,5
1830,3
1831,9
1832,10
1833,2
1834,9
1835,6
1836,6
1837,10
1838,2
1839,7
1840,0
1841,9
1842,10
1843,7
1844,8
1845,2
1846,6
1847,2
1848,5
1849,2
1850,8
1851,8
1852,11
1853,10
1854,10
1855,2
1856,2
1857,8
1858,1
1859,11
1860,4
1861,6
1862,3
1863,5
1864,7
1865,6
1866,3
1867,5
1868,5
1869,10
1870,9
1871,11
1872,4
1873,2
1874,10
1875,1
1876,1
1877,11
1878,3
1879,9
1880,4
1881,1
1882,0
1883,6
1884,6
1885,1
1886,3
1887,6
1888,10
1889,1
1890,7
1891,10
1892,4
1893,3
1894,8
1895,3
1896,1
1897,9
1898,6
1899,7
1900,4
1901,4
1902,11
1903,1
1904,5
1905,0
1906,10
1907,7
1908,7
1909,9
1910,6
1911,8
1912,7
1913,5
1914,4
1915,5
1916,10
1917,11
1918,8
1919,9
1920,10
1921,0
1922,1
1923,8
1924,1
1925,6
1926,10
1927,8
1928,9
1929,11
1930,11
1931,1
1932,10
1933,7
1934,3
1935,1
1936,11
1937,9
1938,1
1939,5
1940,3
1941,5
1942,6
1943,3
1944,7
1945,7
1946,11
1947,7
1948,4
1949,0
1950,5
1951,5
1952,11
1953,7
1954,9
1955,6
1956,2
1957,2
1958,2
1959,2
1960,0
1961,6
1962,8
1963,1
1964,11
1965,9
1966,6
1967,2
1968,10
1969,8
1970,4
1971,2
1972,4
1973,5
1974,8
1975,11
1976,9
1977,5
1978,11
1979,2
1980,8
1981,9
1982,9
1983,2
1984,5
1985,10
1986,8
1987,6
1988,3
1989,2
1990,9
1991,9
1992,9
1993,5
1994,6
1995,9
1996,1
1997,1
1998,0
1999,2
2000,3
2001,5
2002,4
2003,2
2004,1
2005,9
2006,4
2007,5
2008,11
2009,11
2010,6
2011,6
2012,8
2013,8
2014,9
2015,3
2016,4
2017,9
2018,1
2019,7
2020,6
2021,5
2022,3
2023,6
2024,5
2025,9
2026,8
2027,10
2028,7
2029,11
2030,4
2031,8
2032,0
2033,9
2034,10
2035,3
2036,10
2037,11
2038,8
2039,10
2040,7
2041,4
2042,6
2043,6
2044,3
2045,11
2046,6
2047,9
2048,2
2049,8
2050,11
2051,7
2052,0
2053,11
2054,5
2055,10
2056,10
2057,10
2058,3
2059,9
2060,3
2061,3
2062,7
2063,11
2064,7
2065,10
2066,10
2067,11
2068,6
2069,0
2070,0
2071,2
2072,5
2073,1
2074,3
2075,11
2076,0
2077,11
2078,11
2079,4
2080,6
2081,1
2082,10
2083,9
2084,6
2085,7
2086,8
2087,4
2088,2
2089,11
2090,7
2091,3
2092,9
2093,11
2094,2
2095,10
2096,11
2097,10
2098,4
2099,6
2100,10
2101,4
2102,6
2103,10
2104,5
2105,9
2106,2
2107,9
2108,3
2109,10
2110,3
2111,0
2112,11
2113,7
2114,3
2115,1
2116,7
2117,4
2118,3
2119,7
2120,11
2121,0
2122,3
2123,3
2124,5
2125,5
2126,7
2127,0
2128,0
2129,1
2130,1
2131,8
2132,6
2133,0
2134,8
2135,1
2136,10
2137,4
2138,11
2139,10
2140,0
2141,10
2142,2
2143,1
2144,1
2145,1
2146,6
2147,0
2148,5
2149,0
2150,11
2151,1
2152,4
2153,4
2154,4
2155,2
2156,11
2157,1
2158,4
2159,5
2160,0
2161,10
2162,7
2163,1
2164,10
2165,3
2166,1
2167,11
2168,2
2169,3
2170,1
2171,8
2172,8
2173,4
2174,11
2175,3
2176,10
2177,5
2178,0
2179,7
2180,10
2181,10
2182,7
2183,10
2184,6
2185,2
2186,1
2187,7
2188,2
2189,10
2190,4
2191,3
2192,9
2193,7
2194,6
2195,5
2196,11
2197,8
2198,11
2199,2
2200,6
2201,8
2202,7
2203,9
2204,1
2205,4
2206,4
2207,5
2208,7
2209,0
2210,2
2211,4
2212,9
2213,2
2214,2
2215,2
2216,5
2217,3
2218,2
2219,7
2220,6
2221,7
2222,5
2223,9
2224,4
2225,5
2226,0
2227,2
2228,1
2229,10
2230,11
2231,8
2232,1
2233,1
2234,9
2235,1
2236,8
2237,3
2238,1
2239,2
2240,8
2241,11
2242,7
2243,0
2244,1
2245,8
2246,6
2247,5
2248,8
2249,11
2250,2
2251,3
2252,7
2253,8
2254,5
2255,2
2256,9
2257,10
2258,4
2259,8
2260,3
2261,6
2262,0
2263,8
2264,8
2265,4
2266,8
2267,0
2268,1
2269,5
2270,9
2271,10
2272,4
2273,0
2274,11
2275,10
2276,5
2277,3
2278,4
2279,0
2280,9
2281,9
2282,3
2283,8
2284,7
2285,7
2286,6
2287,5
2288,0
2289,8
2290,0
2291,2
2292,8
2293,7
2294,8
2295,2
2296,6
2297,1
2298,10
2299,11
2300,1
2301,0
2302,6
2303,6
2304,0
2305,3
2306,11
2307,11
2308,6
2309,11
2310,4
2311,9
2312,11
2313,6
2314,0
2315,6
2316,0
2317,2
2318,1
2319,0
2320,3
2321,11
2322,0
2323,2
2324,4
2325,11
2326,2
2327,0
2328,2
2329,4
2330,1
2331,11
2332,1
2333,3
2334,6
2335,6
2336,7
2337,4
2338,1
2339,8
2340,9
2341,8
2342,2
2343,0
2344,9
2345,2
2346,0
2347,1
2348,1
2349,4
2350,10
2351,1
2352,6
2353,2
2354,11
2355,2
2356,1
2357,9
2358,4
2359,11
2360,7
2361,10
2362,7
2363,1
2364,1
2365,3
2366,1
2367,5
2368,1
2369,8
2370,2
2371,1
2372,8
2373,3
2374,11
2375,4
2376,9
2377,4
2378,11
2379,1
2380,11
2381,4
2382,7
2383,11
2384,2
2385,1
2386,6
2387,6
2388,3
2389,9
2390,5
2391,11
2392,2
2393,8
2394,3
2395,4
2396,2
2397,10
2398,10
2399,3
2400,3
2401,10
2402,5
2403,9
2404,6
2405,3
2406,8
2407,4
2408,3
2409,0
2410,8
2411,1
2412,5
2413,6
2414,10
2415,4
2416,6
2417,0
2418,8
2419,5
2420,7
2421,11
2422,0
2423,10
2424,5
2425,2
2426,3
2427,0
2428,10
2429,6
2430,1
2431,2
2432,1
2433,4
2434,3
2435,9
2436,9
2437,10
2438,1
2439,8
2440,7
2441,1
2442,5
2443,1
2444,10
2445,2
2446,10
2447,8
2448,0
2449,1
2450,4
2451,8
2452,1
2453,5
2454,8
2455,4
2456,9
2457,9
2458,5
2459,7
2460,0
2461,3
2462,1
2463,10
2464,8
2465,4
2466,6
2467,3
2468,7
2469,9
2470,2
2471,2
2472,11
2473,0
2474,9
2475,3
2476,11
2477,5
2478,8
2479,11
2480,5
2481,0
2482,7
2483,10
2484,8
2485,6
2486,6
2487,1
2488,0
2489,0
2490,3
2491,0
2492,4
2493,0
2494,1
2495,7
2496,8
2497,10
2498,9
2499,7
2500,8
2501,5
2502,6
2503,2
2504,6
2505,3
2506,10
2507,4
2508,5
2509,2
2510,2
2511,4
2512,1
2513,6
2514,1
2515,8
2516,0
2517,1
2518,2
2519,2
2520,10
2521,5
2522,7
2523,0
2524,6
2525,4
2526,3
2527,6
2528,0
2529,5
2530,6
2531,8
2532,5
2533,0
2534,0
2535,9
2536,10
2537,3
2538,6
2539,10
2540,1
2541,8
2542,3
2543,5
2544,10
2545,8
2546,0
2547,1
2548,5
2549,10
2550,10
2551,8
2552,6
2553,11
2554,9
2555,5
2556,1
2557,8
2558,11
2559,2
2560,6
2561,2
2562,1
2563,2
2564,5
2565,11
2566,2
2567,8
2568,8
2569,10
2570,11
2571,1
2572,7
2573,3
2574,4
2575,4
2576,6
2577,1
2578,4
2579,11
2580,5
2581,3
2582,1
2583,9
2584,11
2585,8
2586,7
2587,4
2588,9
2589,1
2590,10
2591,4
2592,7
2593,6
2594,0
2595,9
2596,6
2597,8
2598,10
2599,0
2600,1
2601,11
2602,2
2603,6
2604,0
2605,7
2606,9
2607,3
2608,0
2609,11
2610,7
2611,1
2612,6
2613,10
2614,1
2615,2
2616,5
2617,4
2618,5
2619,8
2620,1
2621,8
2622,3
2623,0
2624,2
2625,5
2626,5
2627,1
2628,2
2629,2
2630,9
2631,5
2632,7
2633,8
2634,9
2635,8
2636,5
2637,1
2638,8
2639,8
2640,0
2641,6
2642,8
2643,3
2644,11
2645,11
2646,8
2647,1
2648,2
2649,8
2650,10
2651,9
2652,9
2653,9
2654,7
2655,2
2656,11
2657,0
2658,10
2659,4
2660,0
2661,8
2662,11
2663,11
2664,8
2665,5
2666,10
2667,2
2668,4
2669,3
2670,7
2671,3
2672,9
2673,7
2674,3
2675,9
2676,0
2677,2
2678,5
2679,2
2680,1
2681,3
2682,10
2683,0
2684,0
2685,4
2686,4
2687,2
2688,11
2689,2
2690,1
2691,6
2692,11
2693,11
2694,11
2695,8
2696,11
2697,11
2698,2
2699,5
2700,4
2701,7
2702,9
2703,8
2704,10
2705,6
2706,1
2707,5
2708,9
2709,3
2710,6
2711,0
2712,4
2713,11
2714,7
2715,11
2716,4
2717,2
2718,0
2719,8
2720,6
2721,0
2722,11
2723,1
2724,1
2725,4
2726,6
2727,9
2728,2
2729,3
2730,3
2731,11
2732,8
2733,9
2734,9
2735,4
2736,6
2737,5
2738,9
2739,11
2740,9
2741,8
2742,7
2743,2
2744,6
2745,6
2746,9
2747,7
2748,6
2749,11
2750,3
2751,7
2752,8
2753,10
2754,9
2755,4
2756,8
2757,0
2758,11
2759,7
2760,1
2761,7
2762,4
2763,11
2764,6
2765,2
2766,9
2767,0
2768,4
2769,5
2770,3
2771,1
2772,3
2773,11
2774,1
2775,5
2776,4
2777,10
2778,7
2779,5
2780,11
2781,7
2782,1
2783,0
2784,2
2785,11
2786,11
2787,0
2788,5
2789,8
2790,0
2791,6
2792,11
2793,3
2794,10
2795,3
2796,0
2797,1
2798,2
2799,9
2800,0
2801,7
2802,11
2803,5
2804,1
2805,4
2806,5
2807,10
2808,6
2809,7
2810,2
2811,7
2812,2
2813,5
2814,2
2815,3
2816,7
2817,4
2818,8
2819,11
2820,11
2821,9
2822,9
2823,10
2824,10
2825,3
2826,8
2827,10
2828,6
2829,10
2830,5
2831,10
2832,3
2833,4
2834,4
2835,7
2836,11
2837,1
2838,5
2839,6
2840,2
2841,11
2842,11
2843,3
2844,5
2845,0
2846,2
2847,8
2848,5
2849,0
2850,6
2851,3
2852,6
2853,0
2854,9
2855,4
2856,1
2857,4
2858,9
2859,11
2860,9
2861,4
2862,9
2863,4
2864,6
2865,6
2866,8
2867,10
2868,2
2869,8
2870,6
2871,4
2872,4
2873,4
2874,4
2875,5
2876,11
2877,1
2878,6
2879,10
2880,7
2881,10
2882,3
2883,5
2884,10
2885,5
2886,3
2887,4
2888,5
2889,3
2890,8
2891,0
2892,5
2893,2
2894,7
2895,6
2896,11
2897,10
2898,0
2899,5
2900,7
2901,2
2902,5
2903,1
2904,6
2905,0
2906,7
2907,8
2908,9
2909,7
2910,9
2911,5
2912,4
2913,5
2914,9
2915,1
2916,3
2917,3
2918,5
2919,10
2920,3
2921,2
2922,2
2923,1
2924,7
2925,5
2926,10
2927,1
2928,11
2929,7
2930,11
2931,1
2932,9
2933,0
2934,11
2935,9
2936,1
2937,11
2938,0
2939,2
2940,9
2941,8
2942,10
2943,3
2944,8
2945,2
2946,0
2947,3
2948,7
2949,5
2950,6
2951,1
2952,10
2953,11
2954,8
2955,4
2956,1
2957,9
2958,7
2959,4
2960,6
2961,6
2962,2
2963,7
2964,11
2965,3
2966,3
2967,1
2968,3
2969,9
2970,10
2971,10
2972,4
2973,7
2974,4
2975,11
2976,0
2977,9
2978,7
2979,2
2980,10
2981,7
2982,1
2983,11
2984,10
2985,7
2986,4
2987,3
2988,10
2989,10
2990,7
2991,4
2992,9
2993,8
2994,6
2995,0
2996,9
2997,7
2998,10
2999,0
3000,4
3001,2
3002,2
3003,5
3004,10
3005,3
3006,2
3007,4
3008,4
3009,4
3010,11
3011,0
3012,7
3013,8
3014,5
3015,2
3016,6
3017,2
3018,3
3019,2
3020,8
3021,7
3022,6
3023,3
3024,0
3025,5
3026,11
3027,1
3028,3
3029,7
3030,4
3031,8
3032,7
3033,8
3034,10
3035,8
3036,0
3037,5
3038,0
3039,1
3040,3
3041,2
3042,4
3043,10
3044,8
3045,11
3046,1
3047,2
3048,0
3049,9
3050,8
3051,1
3052,2
3053,6
3054,0
3055,2
3056,11
3057,2
3058,11
3059,9
3060,7
3061,2
3062,5
3063,10
3064,5
3065,2
3066,3
3067,1
3068,0
3069,11
3070,0
3071,2
3072,10
3073,2
3074,3
3075,6
3076,5
3077,2
3078,6
3079,11
3080,6
3081,9
3082,0
3083,0
3084,3
3085,10
3086,2
3087,4
3088,0
3089,9
3090,9
3091,11
3092,9
3093,3
3094,1
3095,6
3096,1
3097,3
3098,4
3099,0
3100,5
3101,11
3102,9
3103,4
3104,5
3105,2
3106,9
3107,0
3108,1
3109,11
3110,6
3111,5
3112,6
3113,4
3114,2
3115,4
3116,2
3117,6
3118,8
3119,1
3120,10
3121,10
3122,7
3123,5
3124,0
3125,7
3126,7
3127,0
3128,7
3129,1
3130,1
3131,8
3132,9
3133,6
3134,5
3135,2
3136,8
3137,6
3138,6
3139,6
3140,5
3141,1
3142,8
3143,4
3144,11
3145,10
3146,8
3147,1
3148,10
3149,2
3150,3
3151,9
3152,2
3153,1
3154,8
3155,7
3156,6
3157,11
3158,11
3159,9
3160,8
3161,11
3162,10
3163,0
3164,9
3165,4
3166,3
3167,9
3168,1
3169,6
3170,2
3171,9
3172,11
3173,11
3174,2
3175,4
3176,1
3177,9
3178,2
3179,11
3180,5
3181,9
3182,5
3183,5
3184,5
3185,1
3186,5
3187,2
3188,0
3189,0
3190,9
3191,5
3192,8
3193,7
3194,3
3195,7
3196,6
3197,6
3198,9
3199,3
3200,1
3201,9
3202,1
3203,11
3204,1
3205,9
3206,5
3207,3
3208,2
3209,2
3210,5
3211,3
3212,0
3213,5
3214,11
3215,1
3216,7
3217,9
3218,11
3219,5
3220,5
3221,7
3222,6
3223,5
3224,11
3225,11
3226,2
3227,0
3228,5
3229,0
3230,4
3231,11
3232,9
3233,3
3234,10
3235,1
3236,4
3237,4
3238,6
3239,4
3240,9
3241,8
3242,3
3243,8
3244,9
3245,6
3246,2
3247,0
3248,1
3249,10
3250,2
3251,5
3252,9
3253,6
3254,8
3255,5
3256,3
3257,9
3258,2
3259,1
3260,8
3261,0
3262,7
3263,7
3264,9
3265,2
3266,7
3267,2
3268,3
3269,9
3270,7
3271,5
3272,1
3273,7
3274,1
3275,3
3276,2
3277,5
3278,6
3279,9
3280,7
3281,7
3282,7
3283,0
3284,6
3285,10
3286,5
3287,7
3288,2
3289,7
3290,3
3291,2
3292,6
3293,5
3294,2
3295,1
3296,7
3297,6
3298,11
3299,2
3300,10
3301,2
3302,5
3303,6
3304,11
3305,6
3306,2
3307,1
3308,11
3309,11
3310,1
3311,11
3312,9
3313,4
3314,1
3315,4
3316,1
3317,7
3318,7
3319,2
3320,7
3321,1
3322,9
3323,3
3324,2
3325,2
3326,5
3327,2
3328,0
3329,2
3330,4
3331,4
3332,7
3333,7
3334,5
3335,2
3336,5
3337,6
3338,10
3339,9
3340,4
3341,4
3342,8
3343,10
3344,1
3345,4
3346,4
3347,5
3348,8
3349,0
3350,10
3351,1
3352,0
3353,7
3354,7
3355,11
3356,3
3357,4
3358,6
3359,7
3360,6
3361,5
3362,9
3363,3
3364,0
3365,10
3366,4
3367,4
3368,8
3369,8
3370,10
3371,4
3372,3
3373,1
3374,9
3375,11
3376,6
3377,3
3378,10
3379,6
3380,3
3381,3
3382,3
3383,10
3384,7
3385,11
3386,11
3387,4
3388,3
3389,7
3390,7
3391,1
3392,6
3393,6
3394,7
3395,5
3396,2
3397,3
3398,9
3399,2
3400,4
3401,3
3402,2
3403,9
3404,8
3405,0
3406,5
3407,8
3408,4
3409,6
3410,6
3411,5
3412,10
3413,11
3414,6
3415,10
3416,5
3417,5
3418,9
3419,7
3420,3
3421,10
3422,9
3423,1
3424,0
3425,5
3426,11
3427,8
3428,10
3429,0
3430,1
3431,5
3432,3
3433,8
3434,4
3435,6
3436,6
3437,10
3438,10
3439,4
3440,10
3441,9
3442,1
3443,6
3444,5
3445,3
3446,10
3447,6
3448,10
3449,11
3450,8
3451,6
3452,10
3453,5
3454,6
3455,9
3456,3
3457,0
3458,4
3459,0
3460,9
3461,5
3462,6
3463,6
3464,0
3465,10
3466,7
3467,8
3468,5
3469,5
3470,0
3471,9
3472,5
3473,9
3474,1
3475,9
3476,10
3477,7
3478,2
3479,4
3480,3
3481,7
3482,4
3483,10
3484,11
3485,8
3486,4
3487,8
3488,10
3489,3
3490,11
3491,11
3492,1
3493,1
3494,1
3495,6
3496,10
3497,2
3498,0
3499,2
3500,6
3501,2
3502,4
3503,4
3504,9
3505,9
3506,1
3507,8
3508,1
3509,11
3510,6
3511,4
3512,1
3513,4
3514,6
3515,9
3516,4
3517,6
3518,8
3519,3
3520,4
3521,11
3522,5
3523,8
3524,3
3525,4
3526,1
3527,10
3528,11
3529,7
3530,11
3531,8
3532,11
3533,10
3534,4
3535,0
3536,0
3537,5
3538,2
3539,9
3540,8
3541,7
3542,3
3543,5
3544,2
3545,2
3546,8
3547,10
3548,1
3549,5
3550,2
3551,2
3552,2
3553,9
3554,9
3555,1
3556,2
3557,5
3558,11
3559,6
3560,10
3561,10
3562,1
3563,5
3564,11
3565,2
3566,0
3567,0
3568,6
3569,9
3570,3
3571,10
3572,5
3573,1
3574,0
3575,11
3576,7
3577,2
3578,5
3579,9
3580,4
3581,1
3582,7
3583,6
3584,1
3585,10
3586,11
3587,9
3588,4
3589,6
3590,3
3591,8
3592,11
3593,6
3594,3
3595,3
3596,10
3597,0
3598,8
3599,10
3600,8
3601,0
3602,2
3603,6
3604,4
3605,1
3606,10
3607,1
3608,6
3609,8
3610,5
3611,2
3612,7
3613,2
3614,9
3615,0
3616,9
3617,5
3618,6
3619,5
3620,0
3621,8
3622,11
3623,6
3624,7
3625,7
3626,1
3627,10
3628,2
3629,3
3630,6
3631,0
3632,11
3633,8
3634,8
3635,3
3636,1
3637,10
3638,6
3639,1
3640,7
3641,7
3642,0
3643,9
3644,7
3645,7
3646,3
3647,11
3648,11
3649,1
3650,0
3651,5
3652,4
3653,7
3654,10
3655,4
3656,11
3657,9
3658,2
3659,4
3660,1
3661,8
3662,3
3663,7
3664,10
3665,7
3666,9
3667,0
3668,4
3669,10
3670,0
3671,1
3672,6
3673,6
3674,9
3675,6
3676,0
3677,10
3678,5
3679,2
3680,0
3681,3
3682,7
3683,10
3684,8
3685,9
3686,1
3687,2
3688,8
3689,0
3690,4
3691,9
3692,10
3693,9
3694,6
3695,8
3696,6
3697,3
3698,8
3699,7
3700,2
3701,11
3702,6
3703,1
3704,11
3705,7
3706,7
3707,1
3708,9
3709,11
3710,2
3711,11
3712,6
3713,3
3714,8
3715,7
3716,6
3717,7
3718,6
3719,3
3720,10
3721,3
3722,7
3723,2
3724,8
3725,9
3726,8
3727,10
3728,9
3729,7
3730,2
3731,0
3732,3
3733,9
3734,9
3735,0
3736,6
3737,6
3738,9
3739,3
3740,9
3741,9
3742,1
3743,3
3744,9
3745,9
3746,9
3747,3
3748,6
3749,8
3750,2
3751,7
3752,3
3753,6
3754,2
3755,0
3756,5
3757,11
3758,3
3759,6
3760,4
3761,0
3762,2
3763,8
3764,2
3765,7
3766,4
3767,10
3768,8
3769,8
3770,3
3771,10
3772,6
3773,9
3774,7
3775,3
3776,0
3777,2
3778,10
3779,1
3780,0
3781,8
3782,5
3783,10
3784,3
3785,11
3786,9
3787,11
3788,6
3789,0
3790,10
3791,2
3792,2
3793,8
3794,2
3795,8
3796,0
3797,0
3798,8
3799,11
3800,9
3801,9
3802,6
3803,10
3804,0
3805,3
3806,9
3807,5
3808,0
3809,5
3810,0
3811,5
3812,11
3813,7
3814,5
3815,7
3816,5
3817,9
3818,7
3819,3
3820,3
3821,6
3822,7
3823,0
3824,6
3825,8
3826,0
3827,5
3828,10
3829,9
3830,1
3831,0
3832,0
3833,1
3834,0
3835,8
3836,9
3837,9
3838,11
3839,3
3840,8
3841,3
3842,4
3843,3
3844,8
3845,10
3846,11
3847,10
3848,0
3849,11
3850,1
3851,2
3852,2
3853,11
3854,0
3855,5
3856,2
3857,5
3858,10
3859,10
3860,2
3861,10
3862,9
3863,9
3864,1
3865,1
3866,3
3867,0
3868,4
3869,2
3870,8
3871,2
3872,11
3873,8
3874,5
3875,1
3876,8
3877,11
3878,0
3879,11
3880,0
3881,5
3882,10
3883,1
3884,1
3885,8
3886,9
3887,6
3888,10
3889,8
3890,8
3891,9
3892,5
3893,6
3894,6
3895,10
3896,10
3897,11
3898,4
3899,6
3900,4
3901,0
3902,8
3903,2
3904,1
3905,1
3906,6
3907,4
3908,9
3909,4
3910,9
3911,5
3912,3
3913,7
3914,7
3915,6
3916,8
3917,2
3918,8
3919,4
3920,5
3921,9
3922,7
3923,9
3924,9
3925,2
3926,10
3927,11
3928,0
3929,1
3930,11
3931,9
3932,8
3933,6
3934,4
3935,4
3936,6
3937,10
3938,3
3939,7
3940,2
3941,2
3942,4
3943,9
3944,4
3945,4
3946,10
3947,2
3948,5
3949,2
3950,11
3951,4
3952,7
3953,7
3954,0
3955,4
3956,8
3957,0
3958,3
3959,1
3960,11
3961,6
3962,11
3963,5
3964,4
3965,0
3966,0
3967,11
3968,8
3969,4
3970,0
3971,4
3972,10
3973,8
3974,8
3975,0
3976,11
3977,9
3978,10
3979,10
3980,10
3981,10
3982,11
3983,4
3984,4
3985,3
3986,10
3987,10
3988,0
3989,0
3990,2
3991,4
3992,10
3993,11
3994,10
3995,5
3996,11
3997,5
3998,8
3999,1
4000,9
4001,7
4002,1
4003,7
4004,6
4005,4
4006,11
4007,1
4008,8
4009,1
4010,5
4011,5
4012,1
4013,10
4014,7
4015,2
4016,0
4017,11
4018,11
4019,3
4020,10
4021,11
4022,8
4023,9
4024,5
4025,5
4026,2
4027,8
4028,10
4029,8
4030,2
4031,0
4032,9
4033,11
4034,8
4035,2
4036,6
4037,1
4038,8
4039,1
4040,2
4041,6
4042,0
4043,3
4044,5
4045,5
4046,2
4047,1
4048,0
4049,6
4050,3
4051,3
4052,2
4053,6
4054,5
4055,5
4056,0
4057,9
4058,10
4059,10
4060,11
4061,2
4062,10
4063,7
4064,9
4065,10
4066,5
4067,9
4068,0
4069,4
4070,6
4071,1
4072,4
4073,4
4074,6
4075,5
4076,10
4077,9
4078,11
4079,2
4080,2
4081,4
4082,6
4083,9
4084,11
4085,7
4086,7
4087,8
4088,11
4089,0
4090,4
4091,1
4092,8
4093,3
4094,2
4095,7
4096,2
4097,0
4098,9
4099,6
4100,0
4101,5
4102,6
4103,9
4104,0
4105,3
4106,0
4107,9
4108,6
4109,9
4110,1
4111,3
4112,2
4113,5
4114,0
4115,0
4116,3
4117,4
4118,1
4119,10
4120,4
4121,11
4122,6
4123,4
4124,8
4125,9
4126,5
4127,10
4128,7
4129,11
4130,4
4131,10
4132,3
4133,2
4134,7
4135,2
4136,4
4137,4
4138,2
4139,11
4140,4
4141,9
4142,5
4143,1
4144,5
4145,3
4146,0
4147,6
4148,4
4149,4
4150,5
4151,0
4152,0
4153,8
4154,10
4155,1
4156,6
4157,2
4158,10
4159,3
4160,11
4161,0
4162,1
4163,1
4164,5
4165,10
4166,0
4167,8
4168,4
4169,11
4170,7
4171,11
4172,4
4173,11
4174,7
4175,3
4176,11
4177,3
4178,7
4179,7
4180,1
4181,7
4182,3
4183,9
4184,10
4185,5
4186,5
4187,9
4188,7
4189,0
4190,5
4191,11
4192,2
4193,8
4194,1
4195,2
4196,3
4197,11
4198,0
4199,2
4200,6
4201,11
4202,3
4203,5
4204,5
4205,8
4206,6
4207,8
4208,11
4209,3
4210,5
4211,2
4212,1
4213,2
4214,5
4215,3
4216,7
4217,5
4218,4
4219,7
4220,10
4221,9
4222,4
4223,9
4224,4
4225,4
4226,2
4227,1
4228,0
4229,1
4230,3
4231,11
4232,5
4233,8
4234,4
4235,11
4236,1
4237,4
4238,5
4239,6
4240,11
4241,3
4242,6
4243,0
4244,10
4245,3
4246,5
4247,7
4248,10
4249,7
4250,0
4251,10
4252,7
4253,2
4254,2
4255,3
4256,4
4257,10
4258,11
4259,2
4260,4
4261,11
4262,3
4263,11
4264,3
4265,1
4266,1
4267,0
4268,3
4269,11
4270,6
4271,11
4272,9
4273,6
4274,11
4275,1
4276,8
4277,8
4278,0
4279,11
4280,4
4281,11
4282,5
4283,11
4284,7
4285,2
4286,7
4287,5
4288,4
4289,10
4290,6
4291,8
4292,11
4293,7
4294,10
4295,7
4296,3
4297,9
4298,2
4299,8
4300,1
4301,6
4302,6
4303,4
4304,10
4305,6
4306,8
4307,11
4308,7
4309,4
4310,11
4311,0
4312,8
4313,1
4314,10
4315,0
4316,4
4317,7
4318,11
4319,10
4320,9
4321,11
4322,3
4323,4
4324,4
4325,7
4326,6
4327,10
4328,1
4329,4
4330,7
4331,9
4332,7
4333,4
4334,0
4335,2
4336,7
4337,7
4338,2
4339,9
4340,0
4341,8
4342,5
4343,0
4344,9
4345,9
4346,6
4347,4
4348,1
4349,2
4350,10
4351,0
4352,7
4353,9
4354,9
4355,2
4356,11
4357,7
4358,7
4359,3
4360,8
4361,7
4362,11
4363,1
4364,3
4365,9
4366,5
4367,10
4368,8
4369,8
4370,1
4371,6
4372,11
4373,11
4374,9
4375,1
4376,10
4377,0
4378,4
4379,3
4380,1
4381,8
4382,1
4383,10
4384,0
4385,2
4386,11
4387,0
4388,3
4389,3
4390,5
4391,8
4392,6
4393,11
4394,10
4395,10
4396,6
4397,10
4398,2
4399,3
4400,6
4401,0
4402,1
4403,11
4404,6
4405,9
4406,0
4407,0
4408,1
4409,5
4410,4
4411,2
4412,8
4413,10
4414,3
4415,8
4416,4
4417,0
4418,2
4419,6
4420,1
4421,3
4422,6
4423,5
4424,7
4425,6
4426,4
4427,8
4428,0
4429,5
4430,0
4431,7
4432,1
4433,10
4434,1
4435,4
4436,1
4437,6
4438,8
4439,2
4440,1
4441,6
4442,1
4443,0
4444,5
4445,7
4446,7
4447,8
4448,8
4449,4
4450,5
4451,4
4452,5
4453,7
4454,0
4455,5
4456,6
4457,3
4458,6
4459,1
4460,7
4461,10
4462,4
4463,4
4464,3
4465,3
4466,10
4467,0
4468,1
4469,11
4470,9
4471,11
4472,11
4473,1
4474,4
4475,7
4476,6
4477,2
4478,11
4479,6
4480,11
4481,0
4482,8
4483,2
4484,11
4485,4
4486,0
4487,7
4488,10
4489,8
4490,2
4491,1
4492,3
4493,11
4494,9
4495,1
4496,6
4497,0
4498,2
4499,7
4500,7
4501,10
4502,1
4503,5
4504,5
4505,1
4506,1
4507,3
4508,8
4509,2
4510,0
4511,9
4512,11
4513,8
4514,10
4515,3
4516,10
4517,1
4518,6
4519,11
4520,4
4521,10
4522,6
4523,7
4524,4
4525,9
4526,9
4527,6
4528,6
4529,1
4530,11
4531,10
4532,5
4533,7
4534,8
4535,7
4536,1
4537,1
4538,10
4539,3
4540,9
4541,2
4542,11
4543,8
4544,5
4545,9
4546,8
4547,3
4548,8
4549,9
4550,4
4551,11
4552,10
4553,2
4554,7
4555,1
4556,7
4557,8
4558,2
4559,3
4560,9
4561,1
4562,10
4563,8
4564,0
4565,1
4566,11
4567,0
4568,8
4569,10
4570,4
4571,7
4572,2
4573,1
4574,8
4575,0
4576,7
4577,4
4578,3
4579,1
4580,4
4581,2
4582,9
4583,5
4584,9
4585,9
4586,9
4587,11
4588,9
4589,3
4590,4
4591,4
4592,11
4593,6
4594,1
4595,10
4596,8
4597,11
4598,1
4599,6
4600,1
4601,7
4602,6
4603,4
4604,7
4605,6
4606,9
4607,10
4608,10
4609,7
4610,2
4611,7
4612,1
4613,4
4614,8
4615,10
4616,8
4617,3
4618,3
4619,0
4620,0
4621,2
4622,0
4623,1
4624,4
4625,5
4626,6
4627,6
4628,1
4629,6
4630,8
4631,1
4632,0
4633,1
4634,1
4635,7
4636,6
4637,6
4638,9
4639,8
4640,8
4641,2
4642,1
4643,2
4644,4
4645,0
4646,7
4647,7
4648,9
4649,0
4650,7
4651,4
4652,10
4653,0
4654,9
4655,1
4656,2
4657,9
4658,6
4659,2
4660,7
4661,7
4662,0
4663,8
4664,6
4665,1
4666,3
4667,10
4668,8
4669,9
4670,0
4671,0
4672,4
4673,0
4674,11
4675,7
4676,0
4677,0
4678,3
4679,6
4680,6
4681,7
4682,5
4683,10
4684,4
4685,5
4686,10
4687,1
4688,2
4689,8
4690,11
4691,9
4692,8
4693,11
4694,3
4695,4
4696,5
4697,6
4698,0
4699,7
4700,6
4701,8
4702,3
4703,1
4704,3
4705,6
4706,9
4707,3
4708,10
4709,7
4710,8
4711,8
4712,8
4713,11
4714,1
4715,7
4716,3
4717,8
4718,10
4719,10
4720,11
4721,4
4722,3
4723,11
4724,10
4725,0
4726,9
4727,3
4728,9
4729,8
4730,10
4731,5
4732,8
4733,4
4734,10
4735,6
4736,2
4737,2
4738,8
4739,11
4740,0
4741,8
4742,1
4743,2
4744,1
4745,6
4746,7
4747,1
4748,9
4749,2
4750,3
4751,10
4752,3
4753,8
4754,7
4755,1
4756,7
4757,8
4758,9
4759,10
4760,7
4761,8
4762,10
4763,6
4764,7
4765,9
4766,6
4767,0
4768,6
4769,8
4770,2
4771,11
4772,5
4773,9
4774,1
4775,10
4776,1
4777,5
4778,11
4779,2
4780,6
4781,7
4782,7
4783,9
4784,0
4785,3
4786,3
4787,2
4788,2
4789,8
4790,3
4791,3
4792,7
4793,10
4794,0
4795,3
4796,2
4797,0
4798,0
4799,5
4800,2
4801,5
4802,5
4803,9
4804,2
4805,5
4806,9
4807,7
4808,8
4809,6
4810,1
4811,4
4812,7
4813,6
4814,2
4815,11
4816,4
4817,4
4818,2
4819,1
4820,4
4821,5
4822,1
4823,5
4824,9
4825,7
4826,7
4827,4
4828,1
4829,0
4830,2
4831,7
4832,0
4833,8
4834,8
4835,7
4836,4
4837,11
4838,7
4839,3
4840,1
4841,0
4842,11
4843,9
4844,9
4845,0
4846,5
4847,1
4848,11
4849,7
4850,5
4851,0
4852,7
4853,2
4854,11
4855,7
4856,7
4857,6
4858,5
4859,11
4860,2
4861,1
4862,5
4863,9
4864,7
4865,7
4866,10
4867,4
4868,7
4869,0
4870,5
4871,8
4872,7
4873,1
4874,6
4875,8
4876,0
4877,11
4878,5
4879,5
4880,10
4881,10
4882,9
4883,1
4884,8
4885,5
4886,5
4887,4
4888,1
4889,2
4890,11
4891,5
4892,3
4893,7
4894,7
4895,10
4896,8
4897,9
4898,7
4899,8
4900,2
4901,2
4902,4
4903,2
4904,4
4905,6
4906,3
4907,4
4908,7
4909,9
4910,2
4911,5
4912,11
4913,6
4914,0
4915,5
4916,9
4917,5
4918,2
4919,7
4920,10
4921,1
4922,11
4923,5
4924,4
4925,1
4926,7
4927,0
4928,6
4929,8
4930,7
4931,10
4932,6
4933,3
4934,7
4935,11
4936,8
4937,4
4938,10
4939,1
4940,5
4941,9
4942,9
4943,3
4944,3
4945,5
4946,10
4947,7
4948,5
4949,2
4950,2
4951,11
4952,3
4953,4
4954,1
4955,6
4956,1
4957,3
4958,6
4959,6
4960,9
4961,5
4962,1
4963,11
4964,9
4965,1
4966,5
4967,6
4968,3
4969,2
4970,11
4971,10
4972,0
4973,8
4974,0
4975,4
4976,7
4977,3
4978,2
4979,1
4980,11
4981,1
4982,1
4983,0
4984,1
4985,7
4986,10
4987,5
4988,6
4989,1
4990,1
4991,3
4992,3
4993,10
4994,6
4995,6
4996,11
4997,4
4998,2
4999,6
5000,4
5001,6
5002,10
5003,7
5004,6
5005,3
5006,0
5007,1
5008,5
5009,10
5010,7
5011,4
5012,3
5013,0
5014,10
5015,4
5016,11
5017,5
5018,9
5019,11
5020,1
5021,2
5022,4
5023,1
5024,5
5025,6
5026,1
5027,9
5028,10
5029,11
5030,0
5031,3
5032,4
5033,7
5034,1
5035,10
5036,0
5037,8
5038,5
5039,1
5040,2
5041,7
5042,4
5043,3
5044,7
5045,6
5046,2
5047,4
5048,7
5049,4
5050,3
5051,10
5052,10
5053,10
5054,7
5055,7
5056,11
5057,11
5058,0
5059,1
5060,3
5061,6
5062,0
5063,8
5064,5
5065,7
5066,2
5067,2
5068,0
5069,7
5070,11
5071,2
5072,2
5073,5
5074,9
5075,6
5076,4
5077,5
5078,11
5079,5
5080,7
5081,6
5082,0
5083,10
5084,1
5085,6
5086,4
5087,9
5088,9
5089,2
5090,8
5091,9
5092,0
5093,1
5094,7
5095,5
5096,4
5097,5
5098,9
5099,9
5100,9
5101,5
5102,9
5103,3
5104,9
5105,3
5106,11
5107,11
5108,2
5109,6
5110,2
5111,1
5112,10
5113,2
5114,8
5115,8
5116,7
5117,7
5118,10
5119,2
5120,2
5121,4
5122,10
5123,5
5124,11
5125,7
5126,10
5127,10
5128,1
5129,10
5130,4
5131,5
5132,4
5133,5
5134,1
5135,1
5136,6
5137,5
5138,3
5139,3
5140,6
5141,2
5142,2
5143,0
5144,9
5145,0
5146,7
5147,10
5148,8
5149,9
5150,2
5151,0
5152,11
5153,3
5154,7
5155,0
5156,4
5157,10
5158,7
5159,5
5160,11
5161,6
5162,0
5163,2
5164,8
5165,0
5166,2
5167,1
5168,5
5169,7
5170,10
5171,4
5172,10
5173,6
5174,8
5175,5
5176,3
5177,2
5178,0
5179,9
5180,11
5181,3
5182,8
5183,5
5184,9
5185,8
5186,10
5187,6
5188,1
5189,2
5190,7
5191,6
5192,1
5193,4
5194,7
5195,7
5196,8
5197,11
5198,2
5199,0
5200,11
5201,2
5202,9
5203,1
5204,8
5205,4
5206,6
5207,6
5208,8
5209,7
5210,2
5211,8
5212,4
5213,7
5214,9
5215,11
5216,8
5217,0
5218,8
5219,0
5220,7
5221,11
5222,5
5223,9
5224,11
5225,7
5226,5
5227,5
5228,1
5229,5
5230,5
5231,8
5232,3
5233,0
5234,1
5235,2
5236,7
5237,0
5238,8
5239,6
5240,8
5241,1
5242,10
5243,6
5244,9
5245,8
5246,5
5247,7
5248,1
5249,4
5250,4
5251,1
5252,7
5253,5
5254,7
5255,7
5256,1
5257,5
5258,7
5259,4
5260,6
5261,11
5262,8
5263,0
5264,1
5265,7
5266,9
5267,10
5268,10
5269,0
5270,2
5271,10
5272,6
5273,1
5274,4
5275,9
5276,5
5277,1
5278,5
5279,3
5280,1
5281,3
5282,6
5283,10
5284,6
5285,4
5286,9
5287,4
5288,1
5289,4
5290,5
5291,3
5292,2
5293,6
5294,2
5295,4
5296,8
5297,7
5298,4
5299,11
5300,0
5301,11
5302,8
5303,8
5304,4
5305,4
5306,9
5307,2
5308,10
5309,1
5310,0
5311,9
5312,2
5313,10
5314,5
5315,9
5316,2
5317,3
5318,1
5319,4
5320,9
5321,10
5322,9
5323,2
5324,10
5325,4
5326,1
5327,8
5328,7
5329,2
5330,5
5331,6
5332,3
5333,2
5334,11
5335,7
5336,3
5337,4
5338,2
5339,10
5340,3
5341,5
5342,10
5343,10
5344,6
5345,3
5346,11
5347,0
5348,2
5349,4
5350,0
5351,7
5352,0
5353,4
5354,7
5355,8
5356,5
5357,5
5358,0
5359,6
5360,0
5361,8
5362,7
5363,6
5364,9
5365,1
5366,7
5367,11
5368,10
5369,9
5370,11
5371,4
5372,8
5373,3
5374,3
5375,11
5376,11
5377,10
5378,7
5379,0
5380,4
5381,2
5382,5
5383,8
5384,6
5385,10
5386,1
5387,3
5388,9
5389,11
5390,0
5391,1
5392,6
5393,4
5394,7
5395,11
5396,1
5397,10
5398,8
5399,6
5400,4
5401,10
5402,11
5403,5
5404,0
5405,9
5406,2
5407,0
5408,0
5409,1
5410,8
5411,6
5412,3
5413,7
5414,6
5415,0
5416,3
5417,7
5418,2
5419,6
5420,6
5421,2
5422,2
5423,2
5424,3
5425,10
5426,8
5427,7
5428,11
5429,10
5430,9
5431,7
5432,5
5433,9
5434,7
5435,5
5436,2
5437,3
5438,4
5439,6
5440,4
5441,9
5442,3
5443,9
5444,1
5445,1
5446,9
5447,9
5448,4
5449,6
5450,6
5451,1
5452,6
5453,6
5454,5
5455,8
5456,3
5457,4
5458,4
5459,6
5460,7
5461,8
5462,8
5463,1
5464,10
5465,0
5466,10
5467,11
5468,5
5469,2
5470,3
5471,0
5472,4
5473,9
5474,3
5475,0
5476,2
5477,0
5478,5
5479,5
5480,9
5481,6
5482,4
5483,2
5484,11
5485,6
5486,6
5487,0
5488,8
5489,8
5490,2
5491,4
5492,10
5493,2
5494,0
5495,10
5496,6
5497,11
5498,7
5499,6
5500,0
5501,2
5502,10
5503,11
5504,4
5505,7
5506,2
5507,9
5508,3
5509,3
5510,3
5511,5
5512,9
5513,5
5514,2
5515,3
5516,6
5517,0
5518,1
5519,0
5520,1
5521,9
5522,0
5523,3
5524,8
5525,11
5526,1
5527,8
5528,5
5529,7
5530,7
5531,6
5532,0
5533,0
5534,4
5535,3
5536,9
5537,1
5538,2
5539,1
5540,6
5541,3
5542,9
5543,4
5544,10
5545,0
5546,1
5547,2
5548,6
5549,11
5550,3
5551,4
5552,4
5553,2
5554,5
5555,6
5556,5
5557,10
5558,8
5559,9
5560,3
5561,1
5562,7
5563,8
5564,3
5565,2
5566,4
5567,3
5568,3
5569,9
5570,9
5571,4
5572,10
5573,5
5574,4
5575,7
5576,6
5577,2
5578,1
5579,8
5580,2
5581,11
5582,6
5583,4
5584,7
5585,1
5586,10
5587,7
5588,11
5589,3
5590,10
5591,0
5592,6
5593,10
5594,7
5595,4
5596,0
5597,3
5598,4
5599,5
5600,2
5601,10
5602,7
5603,4
5604,1
5605,2
5606,1
5607,10
5608,11
5609,6
5610,5
5611,6
5612,11
5613,8
5614,11
5615,4
5616,11
5617,9
5618,0
5619,9
5620,4
5621,3
5622,5
5623,1
5624,2
5625,5
5626,6
5627,9
5628,0
5629,8
5630,10
5631,3
5632,11
5633,1
5634,1
5635,10
5636,6
5637,8
5638,10
5639,11
5640,7
5641,10
5642,9
5643,2
5644,4
5645,11
5646,8
5647,10
5648,7
5649,2
5650,10
5651,0
5652,1
5653,8
5654,9
5655,11
5656,6
5657,11
5658,1
5659,7
5660,7
5661,11
5662,5
5663,3
5664,10
5665,10
5666,8
5667,6
5668,11
5669,6
5670,2
5671,2
5672,2
5673,10
5674,7
5675,1
5676,0
5677,4
5678,6
5679,11
5680,7
5681,5
5682,4
5683,11
5684,6
5685,8
5686,6
5687,7
5688,3
5689,6
5690,9
5691,2
5692,4
5693,4
5694,7
5695,6
5696,7
5697,4
5698,8
5699,4
5700,1
5701,9
5702,5
5703,5
5704,7
5705,10
5706,6
5707,1
5708,11
5709,8
5710,1
5711,4
5712,8
5713,3
5714,7
5715,0
5716,0
5717,9
5718,10
5719,8
5720,3
5721,10
5722,8
5723,10
5724,5
5725,8
5726,3
5727,3
5728,7
5729,6
5730,10
5731,6
5732,3
5733,0
5734,8
5735,10
5736,8
5737,7
5738,1
5739,4
5740,11
5741,10
5742,4
5743,9
5744,4
5745,1
5746,8
5747,4
5748,0
5749,8
5750,9
5751,4
5752,9
5753,5
5754,1
5755,4
5756,1
5757,0
5758,11
5759,11
5760,5
5761,7
5762,11
5763,6
5764,8
5765,9
5766,5
5767,11
5768,8
5769,0
5770,5
5771,8
5772,8
5773,10
5774,1
5775,9
5776,4
5777,5
5778,3
5779,8
5780,11
5781,8
5782,10
5783,2
5784,8
5785,7
5786,2
5787,4
5788,1
5789,5
5790,10
5791,0
5792,3
5793,4
5794,10
5795,1
5796,5
5797,3
5798,8
5799,7
5800,7
5801,9
5802,8
5803,5
5804,2
5805,9
5806,7
5807,5
5808,4
5809,1
5810,5
5811,3
5812,3
5813,4
5814,8
5815,8
5816,8
5817,6
5818,10
5819,6
5820,11
5821,11
5822,6
5823,3
5824,6
5825,4
5826,9
5827,6
5828,10
5829,8
5830,6
5831,1
5832,4
5833,9
5834,0
5835,6
5836,7
5837,9
5838,0
5839,1
5840,11
5841,10
5842,2
5843,2
5844,5
5845,7
5846,8
5847,11
5848,1
5849,6
5850,5
5851,1
5852,1
5853,8
5854,7
5855,0
5856,8
5857,3
5858,3
5859,10
5860,5
5861,9
5862,8
5863,10
5864,7
5865,6
5866,2
5867,7
5868,5
5869,4
5870,6
5871,11
5872,0
5873,7
5874,1
5875,4
5876,0
5877,7
5878,7
5879,5
5880,9
5881,11
5882,3
5883,7
5884,11
5885,6
5886,5
5887,10
5888,8
5889,4
5890,8
5891,8
5892,2
5893,7
5894,7
5895,5
5896,9
5897,7
5898,0
5899,2
5900,7
5901,10
5902,7
5903,4
5904,10
5905,6
5906,4
5907,5
5908,0
5909,3
5910,3
5911,1
5912,7
5913,3
5914,2
5915,8
5916,5
5917,9
5918,3
5919,1
5920,7
5921,7
5922,0
5923,1
5924,1
5925,3
5926,10
5927,7
5928,7
5929,0
5930,4
5931,11
5932,2
5933,8
5934,9
5935,3
5936,10
5937,2
5938,1
5939,10
5940,3
5941,4
5942,7
5943,0
5944,5
5945,0
5946,0
5947,5
5948,9
5949,5
5950,5
5951,7
5952,9
5953,2
5954,5
5955,8
5956,5
5957,4
5958,6
5959,2
5960,4
5961,9
5962,11
5963,7
5964,3
5965,7
5966,4
5967,6
5968,2
5969,3
5970,8
5971,0
5972,8
5973,8
5974,10
5975,8
5976,10
5977,1
5978,6
5979,6
5980,11
5981,0
5982,3
5983,3
5984,1
5985,2
5986,3
5987,10
5988,10
5989,9
5990,8
5991,4
5992,8
5993,10
5994,10
5995,3
5996,10
5997,2
5998,11
5999,9
6000,10
6001,9
6002,10
6003,8
6004,10
6005,10
6006,5
6007,7
6008,3
6009,1
6010,6
6011,11
6012,11
6013,3
6014,5
6015,8
6016,7
6017,2
6018,9
6019,0
6020,4
6021,11
6022,4
6023,7
6024,2
6025,6
6026,6
6027,9
6028,8
6029,2
6030,10
6031,1
6032,11
6033,10
6034,3
6035,2
6036,11
6037,6
6038,10
6039,11
6040,10
6041,2
6042,4
6043,5
6044,5
6045,3
6046,4
6047,1
6048,10
6049,9
6050,9
6051,7
6052,3
6053,7
6054,4
6055,9
6056,0
6057,2
6058,6
6059,8
6060,1
6061,5
6062,1
6063,5
6064,0
6065,9
6066,3
6067,4
6068,5
6069,1
6070,3
6071,9
6072,4
6073,10
6074,3
6075,2
6076,10
6077,10
6078,0
6079,4
6080,4
6081,0
6082,3
6083,1
6084,7
6085,11
6086,7
6087,5
6088,7
6089,4
6090,2
6091,6
6092,5
6093,3
6094,5
6095,0
6096,4
6097,7
6098,8
6099,2
6100,5
6101,1
6102,1
6103,3
6104,1
6105,3
6106,0
6107,4
6108,1
6109,7
6110,5
6111,6
6112,9
6113,9
6114,2
6115,5
6116,3
6117,11
6118,6
6119,2
6120,5
6121,10
6122,9
6123,8
6124,7
6125,4
6126,3
6127,9
6128,1
6129,6
6130,10
6131,0
6132,4
6133,10
6134,8
6135,7
6136,9
6137,11
6138,8
6139,3
6140,0
6141,6
6142,6
6143,4
6144,3
6145,5
6146,7
6147,1
6148,9
6149,11
6150,7
6151,8
6152,0
6153,4
6154,4
6155,5
6156,1
6157,10
6158,4
6159,0
6160,5
6161,5
6162,5
6163,1
6164,11
6165,5
6166,0
6167,3
6168,3
6169,3
6170,2
6171,5
6172,5
6173,9
6174,8
6175,4
6176,5
6177,8
6178,2
6179,10
6180,11
6181,8
6182,3
6183,5
6184,1
6185,4
6186,2
6187,3
6188,10
6189,3
6190,6
6191,11
6192,7
6193,8
6194,8
6195,0
6196,10
6197,7
6198,11
6199,3
6200,1
6201,1
6202,9
6203,7
6204,4
6205,2
6206,8
6207,4
6208,0
6209,8
6210,7
6211,1
6212,5
6213,8
6214,2
6215,0
6216,10
6217,4
6218,3
6219,2
6220,0
6221,6
6222,8
6223,3
6224,5
6225,7
6226,2
6227,4
6228,1
6229,5
6230,11
6231,8
6232,8
6233,4
6234,0
6235,11
6236,8
6237,2
6238,7
6239,1
6240,9
6241,10
6242,9
6243,9
6244,2
6245,5
6246,1
6247,10
6248,4
6249,4
6250,4
6251,8
6252,9
6253,1
6254,6
6255,9
6256,6
6257,3
6258,4
6259,5
6260,1
6261,2
6262,3
6263,7
6264,4
6265,3
6266,9
6267,1
6268,6
6269,4
6270,6
6271,8
6272,6
6273,0
6274,0
6275,5
6276,11
6277,11
6278,5
6279,9
6280,5
6281,8
6282,4
6283,1
6284,0
6285,3
6286,8
6287,6
6288,10
6289,10
6290,8
6291,2
6292,3
6293,11
6294,1
6295,1
6296,10
6297,5
6298,7
6299,9
6300,2
6301,5
6302,4
6303,10
6304,0
6305,8
6306,0
6307,7
6308,6
6309,5
6310,2
6311,9
6312,3
6313,7
6314,3
6315,7
6316,7
6317,3
6318,7
6319,9
6320,11
6321,2
6322,0
6323,0
6324,1
6325,7
6326,5
6327,4
6328,6
6329,11
6330,4
6331,5
6332,9
6333,8
6334,3
6335,8
6336,7
6337,7
6338,2
6339,1
6340,10
6341,0
6342,3
6343,0
6344,5
6345,1
6346,11
6347,6
6348,0
6349,0
6350,0
6351,10
6352,11
6353,9
6354,10
6355,3
6356,8
6357,7
6358,6
6359,5
6360,11
6361,6
6362,9
6363,9
6364,9
6365,3
6366,6
6367,1
6368,1
6369,1
6370,8
6371,5
6372,10
6373,8
6374,3
6375,8
6376,2
6377,4
6378,5
6379,4
6380,6
6381,9
6382,5
6383,4
6384,2
6385,6
6386,6
6387,2
6388,3
6389,11
6390,0
6391,8
6392,1
6393,0
6394,1
6395,10
6396,3
6397,10
6398,7
6399,2
6400,2
6401,4
6402,5
6403,7
6404,10
6405,8
6406,4
6407,11
6408,1
6409,1
6410,4
6411,3
6412,7
6413,6
6414,4
6415,9
6416,2
6417,6
6418,4
6419,3
6420,10
6421,11
6422,9
6423,8
6424,0
6425,0
6426,3
6427,11
6428,2
6429,11
6430,8
6431,5
6432,11
6433,2
6434,2
6435,10
6436,9
6437,8
6438,3
6439,9
6440,2
6441,4
6442,2
6443,1
6444,9
6445,1
6446,10
6447,2
6448,11
6449,0
6450,10
6451,8
6452,5
6453,6
6454,11
6455,3
6456,0
6457,10
6458,3
6459,6
6460,2
6461,6
6462,10
6463,4
6464,10
6465,10
6466,6
6467,9
6468,1
6469,8
6470,10
6471,5
6472,4
6473,0
6474,4
6475,10
6476,11
6477,4
6478,10
6479,11
6480,2
6481,0
6482,6
6483,6
6484,6
6485,10
6486,7
6487,1
6488,5
6489,0
6490,11
6491,9
6492,0
6493,9
6494,6
6495,11
6496,4
6497,1
6498,4
6499,1
6500,7
6501,8
6502,1
6503,8
6504,3
6505,5
6506,5
6507,1
6508,6
6509,10
6510,1
6511,5
6512,10
6513,10
6514,4
6515,9
6516,6
6517,6
6518,2
6519,6
6520,7
6521,9
6522,9
6523,3
6524,8
6525,4
6526,5
6527,8
6528,5
6529,8
6530,2
6531,10
6532,10
6533,0
6534,8
6535,8
6536,10
6537,4
6538,4
6539,5
6540,8
6541,9
6542,4
6543,5
6544,11
6545,0
6546,0
6547,3
6548,11
6549,4
6550,3
6551,3
6552,9
6553,0
6554,5
6555,0
6556,6
6557,3
6558,6
6559,3
6560,1
6561,5
6562,1
6563,5
6564,3
6565,2
6566,8
6567,1
6568,3
6569,0
6570,5
6571,5
6572,0
6573,11
6574,10
6575,3
6576,9
6577,6
6578,8
6579,0
6580,10
6581,1
6582,7
6583,8
6584,7
6585,0
6586,7
6587,2
6588,1
6589,3
6590,10
6591,11
6592,3
6593,7
6594,4
6595,11
6596,4
6597,5
6598,0
6599,10
6600,8
6601,3
6602,7
6603,11
6604,6
6605,11
6606,3
6607,4
6608,3
6609,8
6610,2
6611,9
6612,1
6613,7
6614,2
6615,8
6616,7
6617,7
6618,4
6619,7
6620,7
6621,1
6622,9
6623,10
6624,10
6625,9
6626,8
6627,8
6628,11
6629,0
6630,2
6631,5
6632,7
6633,1
6634,5
6635,6
6636,10
6637,5
6638,6
6639,1
6640,2
6641,7
6642,9
6643,8
6644,6
6645,2
6646,4
6647,11
6648,11
6649,6
6650,7
6651,8
6652,4
6653,1
6654,3
6655,9
6656,8
6657,8
6658,11
6659,10
6660,0
6661,0
6662,6
6663,5
6664,5
6665,6
6666,3
6667,3
6668,1
6669,2
6670,10
6671,2
6672,8
6673,6
6674,11
6675,11
6676,4
6677,7
6678,11
6679,0
6680,5
6681,6
6682,0
6683,8
6684,5
6685,10
6686,6
6687,10
6688,7
6689,0
6690,2
6691,6
6692,0
6693,6
6694,0
6695,4
6696,1
6697,6
6698,7
6699,3
6700,4
6701,5
6702,7
6703,10
6704,7
6705,9
6706,3
6707,8
6708,10
6709,2
6710,5
6711,4
6712,2
6713,9
6714,7
6715,11
6716,10
6717,5
6718,5
6719,0
6720,7
6721,10
6722,3
6723,1
6724,10
6725,7
6726,9
6727,9
6728,0
6729,4
6730,8
6731,4
6732,8
6733,6
6734,5
6735,11
6736,10
6737,6
6738,3
6739,2
6740,4
6741,5
6742,2
6743,10
6744,3
6745,7
6746,9
6747,1
6748,2
6749,10
6750,11
6751,7
6752,10
6753,3
6754,0
6755,5
6756,2
6757,7
6758,5
6759,3
6760,8
6761,1
6762,3
6763,1
6764,6
6765,8
6766,11
6767,9
6768,2
6769,0
6770,5
6771,8
6772,9
6773,3
6774,6
6775,5
6776,9
6777,3
6778,0
6779,11
6780,0
6781,10
6782,10
6783,9
6784,0
6785,6
6786,8
6787,1
6788,11
6789,3
6790,1
6791,3
6792,3
6793,11
6794,5
6795,7
6796,3
6797,7
6798,7
6799,1
6800,2
6801,2
6802,9
6803,0
6804,8
6805,5
6806,4
6807,8
6808,0
6809,2
6810,1
6811,0
6812,11
6813,8
6814,5
6815,0
6816,7
6817,4
6818,0
6819,7
6820,8
6821,4
6822,11
6823,4
6824,9
6825,7
6826,11
6827,11
6828,4
6829,3
6830,6
6831,1
6832,4
6833,8
6834,7
6835,7
6836,2
6837,7
6838,0
6839,9
6840,4
6841,5
6842,6
6843,11
6844,3
6845,8
6846,9
6847,8
6848,4
6849,3
6850,1
6851,6
6852,4
6853,7
6854,8
6855,3
6856,10
6857,3
6858,0
6859,10
6860,0
6861,4
6862,2
6863,3
6864,0
6865,2
6866,3
6867,10
6868,6
6869,5
6870,8
6871,2
6872,6
6873,9
6874,4
6875,3
6876,6
6877,2
6878,11
6879,11
6880,6
6881,11
6882,2
6883,0
6884,0
6885,9
6886,2
6887,5
6888,3
6889,10
6890,0
6891,0
6892,10
6893,6
6894,11
6895,7
6896,8
6897,2
6898,6
6899,1
6900,4
6901,6
6902,3
6903,1
6904,5
6905,10
6906,10
6907,11
6908,6
6909,8
6910,6
6911,3
6912,9
6913,0
6914,1
6915,8
6916,8
6917,10
6918,5
6919,9
6920,11
6921,11
6922,4
6923,10
6924,1
6925,3
6926,4
6927,5
6928,9
6929,6
6930,9
6931,9
6932,0
6933,10
6934,6
6935,1
6936,7
6937,1
6938,10
6939,7
6940,9
6941,4
6942,7
6943,6
6944,10
6945,7
6946,2
6947,11
6948,4
6949,10
6950,2
6951,1
6952,8
6953,5
6954,7
6955,0
6956,5
6957,4
6958,6
6959,2
6960,8
6961,11
6962,4
6963,8
6964,9
6965,1
6966,4
6967,2
6968,5
6969,9
6970,4
6971,3
6972,1
6973,5
6974,3
6975,5
6976,5
6977,3
6978,7
6979,7
6980,9
6981,11
6982,4
6983,2
6984,4
6985,8
6986,1
6987,10
6988,6
6989,1
6990,6
6991,10
6992,7
6993,2
6994,11
6995,4
6996,8
6997,8
6998,9
6999,6
7000,2
7001,3
7002,8
7003,2
7004,8
7005,2
7006,2
7007,9
7008,7
7009,1
7010,7
7011,7
7012,11
7013,4
7014,2
7015,7
7016,2
7017,2
7018,8
7019,10
7020,3
7021,5
7022,2
7023,0
7024,3
7025,11
7026,6
7027,3
7028,9
7029,4
7030,7
7031,5
7032,0
7033,11
7034,9
7035,4
7036,6
7037,3
7038,3
7039,7
7040,11
7041,6
7042,0
7043,7
7044,4
7045,0
7046,7
7047,0
7048,2
7049,5
7050,9
7051,9
7052,4
7053,7
7054,4
7055,8
7056,11
7057,2
7058,2
7059,8
7060,0
7061,2
7062,3
7063,0
7064,7
7065,5
7066,5
7067,11
7068,8
7069,7
7070,0
7071,9
7072,3
7073,2
7074,9
7075,10
7076,3
7077,9
7078,7
7079,5
7080,11
7081,9
7082,7
7083,6
7084,3
7085,0
7086,8
7087,6
7088,7
7089,10
7090,10
7091,9
7092,5
7093,10
7094,6
7095,10
7096,6
7097,7
7098,9
7099,6
7100,0
7101,4
7102,9
7103,0
7104,11
7105,8
7106,11
7107,8
7108,11
7109,4
7110,8
7111,1
7112,1
7113,8
7114,11
7115,0
7116,6
7117,9
7118,10
7119,8
7120,8
7121,0
7122,3
7123,5
7124,0
7125,10
7126,3
7127,4
7128,8
7129,11
7130,2
7131,6
7132,1
7133,1
7134,5
7135,0
7136,1
7137,5
7138,10
7139,8
7140,11
7141,3
7142,2
7143,11
7144,9
7145,9
7146,10
7147,8
7148,6
7149,10
7150,5
7151,1
7152,6
7153,9
7154,5
7155,3
7156,8
7157,1
7158,11
7159,3
7160,8
7161,1
7162,11
7163,4
7164,6
7165,4
7166,5
7167,5
7168,11
7169,2
7170,8
7171,4
7172,3
7173,11
7174,7
7175,1
7176,10
7177,5
7178,11
7179,9
7180,8
7181,9
7182,11
7183,7
7184,1
7185,2
7186,7
7187,5
7188,1
7189,4
7190,10
7191,11
7192,3
7193,1
7194,3
7195,5
7196,6
7197,1
7198,6
7199,5
7200,11
7201,1
7202,6
7203,8
7204,6
7205,9
7206,8
7207,3
7208,2
7209,1
7210,11
7211,6
7212,0
7213,10
7214,0
7215,9
7216,3
7217,8
7218,4
7219,2
7220,7
7221,4
7222,10
7223,0
7224,9
7225,10
7226,8
7227,5
7228,11
7229,0
7230,1
7231,8
7232,10
7233,10
7234,10
7235,3
7236,0
7237,5
7238,9
7239,3
7240,9
7241,11
7242,3
7243,2
7244,2
7245,8
7246,3
7247,4
7248,3
7249,7
7250,3
7251,8
7252,4
7253,6
7254,3
7255,7
7256,7
7257,9
7258,7
7259,3
7260,9
7261,0
7262,8
7263,10
7264,8
7265,10
7266,6
7267,4
7268,10
7269,1
7270,0
7271,5
7272,0
7273,10
7274,11
7275,11
7276,11
7277,8
7278,9
7279,3
7280,11
7281,5
7282,1
7283,6
7284,5
7285,7
7286,10
7287,7
7288,0
7289,5
7290,9
7291,5
7292,0
7293,8
7294,9
7295,10
7296,8
7297,7
7298,1
7299,2
7300,5
7301,11
7302,11
7303,8
7304,8
7305,9
7306,10
7307,2
7308,0
7309,6
7310,6
7311,2
7312,1
7313,4
7314,0
7315,10
7316,3
7317,3
7318,1
7319,6
7320,7
7321,9
7322,2
7323,4
7324,8
7325,8
7326,0
7327,0
7328,9
7329,9
7330,7
7331,11
7332,6
7333,0
7334,4
7335,3
7336,8
7337,3
7338,7
7339,4
7340,3
7341,6
7342,8
7343,11
7344,7
7345,7
7346,2
7347,8
7348,6
7349,7
7350,1
7351,9
7352,6
7353,0
7354,0
7355,10
7356,7
7357,9
7358,8
7359,6
7360,7
7361,1
7362,2
7363,2
7364,4
7365,2
7366,3
7367,9
7368,1
7369,6
7370,2
7371,10
7372,4
7373,0
7374,5
7375,6
7376,3
7377,1
7378,9
7379,8
7380,7
7381,7
7382,3
7383,10
7384,5
7385,8
7386,10
7387,5
7388,11
7389,1
7390,3
7391,4
7392,4
7393,4
7394,6
7395,6
7396,10
7397,3
7398,7
7399,0
7400,3
7401,10
7402,0
7403,6
7404,10
7405,3
7406,6
7407,4
7408,4
7409,6
7410,11
7411,10
7412,10
7413,2
7414,7
7415,9
7416,5
7417,3
7418,6
7419,2
7420,0
7421,11
7422,10
7423,9
7424,2
7425,0
7426,7
7427,0
7428,9
7429,10
7430,1
7431,2
7432,0
7433,10
7434,11
7435,2
7436,6
7437,4
7438,1
7439,11
7440,7
7441,11
7442,8
7443,1
7444,7
7445,1
7446,0
7447,4
7448,7
7449,8
7450,8
7451,3
7452,1
7453,8
7454,11
7455,4
7456,5
7457,9
7458,2
7459,10
7460,10
7461,11
7462,5
7463,8
7464,10
7465,1
7466,0
7467,11
7468,11
7469,4
7470,10
7471,10
7472,2
7473,10
7474,9
7475,3
7476,3
7477,3
7478,2
7479,4
7480,9
7481,9
7482,11
7483,10
7484,10
7485,0
7486,6
7487,4
7488,4
7489,7
7490,4
7491,3
7492,3
7493,2
7494,3
7495,3
7496,6
7497,7
7498,3
7499,1
7500,3
7501,3
7502,9
7503,4
7504,11
7505,11
7506,0
7507,2
7508,1
7509,11
7510,10
7511,7
7512,8
7513,2
7514,9
7515,8
7516,9
7517,8
7518,5
7519,10
7520,0
7521,2
7522,0
7523,4
7524,0
7525,5
7526,11
7527,4
7528,7
7529,3
7530,10
7531,6
7532,1
7533,11
7534,5
7535,7
7536,10
7537,4
7538,8
7539,3
7540,2
7541,0
7542,5
7543,0
7544,6
7545,1
7546,8
7547,10
7548,2
7549,9
7550,1
7551,3
7552,5
7553,9
7554,1
7555,2
7556,8
7557,10
7558,11
7559,11
7560,5
7561,8
7562,8
7563,10
7564,0
7565,0
7566,7
7567,1
7568,10
7569,3
7570,4
7571,11
7572,6
7573,1
7574,11
7575,10
7576,0
7577,10
7578,3
7579,0
7580,1
7581,0
7582,6
7583,7
7584,5
7585,8
7586,1
7587,8
7588,8
7589,5
7590,9
7591,1
7592,7
7593,8
7594,2
7595,0
7596,8
7597,6
7598,2
7599,3
7600,5
7601,11
7602,6
7603,4
7604,4
7605,9
7606,4
7607,7
7608,3
7609,11
7610,2
7611,4
7612,2
7613,4
7614,8
7615,10
7616,10
7617,9
7618,10
7619,0
7620,11
7621,1
7622,3
7623,2
7624,0
7625,3
7626,8
7627,4
7628,0
7629,8
7630,1
7631,7
7632,7
7633,2
7634,2
7635,11
7636,8
7637,5
7638,4
7639,11
7640,11
7641,4
7642,3
7643,6
7644,11
7645,6
7646,8
7647,11
7648,11
7649,4
7650,2
7651,10
7652,5
7653,10
7654,10
7655,10
7656,2
7657,6
7658,0
7659,4
7660,1
7661,9
7662,9
7663,1
7664,1
7665,10
7666,9
7667,3
7668,10
7669,2
7670,7
7671,11
7672,11
7673,8
7674,8
7675,1
7676,8
7677,10
7678,0
7679,0
7680,3
7681,11
7682,4
7683,2
7684,11
7685,4
7686,8
7687,11
7688,10
7689,4
7690,0
7691,3
7692,1
7693,7
7694,3
7695,3
7696,0
7697,2
7698,3
7699,9
7700,11
7701,10
7702,10
7703,5
7704,9
7705,0
7706,7
7707,6
7708,3
7709,1
7710,6
7711,6
7712,3
7713,3
7714,4
7715,10
7716,2
7717,10
7718,5
7719,1
7720,11
7721,4
7722,6
7723,11
7724,2
7725,6
7726,6
7727,8
7728,0
7729,5
7730,3
7731,1
7732,3
7733,7
7734,7
7735,7
7736,10
7737,6
7738,10
7739,8
7740,2
7741,10
7742,9
7743,1
7744,6
7745,5
7746,11
7747,4
7748,5
7749,6
7750,6
7751,0
7752,4
7753,7
7754,5
7755,0
7756,3
7757,7
7758,2
7759,5
7760,1
7761,6
7762,10
7763,0
7764,10
7765,2
7766,2
7767,9
7768,10
7769,2
7770,11
7771,1
7772,0
7773,8
7774,11
7775,6
7776,0
7777,10
7778,1
7779,2
7780,10
7781,8
7782,4
7783,9
7784,11
7785,5
7786,5
7787,1
7788,11
7789,5
7790,9
7791,3
7792,2
7793,6
7794,11
7795,6
7796,8
7797,8
7798,5
7799,8
